{"cameraMode":{"drawMode":0,"name":"Shaded","section":"Shading Mode"},"sceneLighting":true,"audioPlay":false,"sceneViewState":{"showFog":true,"showMaterialUpdate":false,"showSkybox":true,"showFlares":true,"showImageEffects":true,"showParticleSystems":true},"in2DMode":false,"pivot":{"x":-3.9150867462158205,"y":-0.5608681440353394,"z":67.51258087158203},"rotation":{"x":-0.031364988535642627,"y":0.680609941482544,"z":-0.029245587065815927,"w":-0.7314434051513672},"size":3.075680732727051,"orthographic":false}