{"cameraMode":{"drawMode":0,"name":"Shaded","section":"Shading Mode"},"sceneLighting":true,"audioPlay":false,"sceneViewState":{"showFog":true,"showMaterialUpdate":true,"showSkybox":true,"showFlares":true,"showImageEffects":true,"showParticleSystems":true},"in2DMode":false,"pivot":{"x":-28.668338775634767,"y":0.48535841703414919,"z":93.70429229736328},"rotation":{"x":-0.012619727291166783,"y":0.7715035676956177,"z":-0.015267468057572842,"w":-0.6359514594078064},"size":3.3452341556549074,"orthographic":false}