{"cameraMode":{"drawMode":0,"name":"Shaded","section":"Shading Mode"},"sceneLighting":true,"audioPlay":false,"sceneViewState":{"showFog":true,"showMaterialUpdate":true,"showSkybox":true,"showFlares":true,"showImageEffects":true,"showParticleSystems":true},"in2DMode":false,"pivot":{"x":-36.927085876464847,"y":1.7554736137390137,"z":92.34258270263672},"rotation":{"x":0.0541534498333931,"y":-0.7142228484153748,"z":-0.055600348860025409,"w":-0.6956258416175842},"size":19.212060928344728,"orthographic":false}