{"cameraMode":{"drawMode":0,"name":"Shaded","section":"Shading Mode"},"sceneLighting":true,"audioPlay":false,"sceneViewState":{"showFog":true,"showMaterialUpdate":false,"showSkybox":false,"showFlares":true,"showImageEffects":true,"showParticleSystems":true},"in2DMode":false,"pivot":{"x":39.98271560668945,"y":5.373081207275391,"z":13.314933776855469},"rotation":{"x":0.28194302320480349,"y":-0.02302686870098114,"z":0.006767465267330408,"w":0.9591494202613831},"size":22.0,"orthographic":false}