{"cameraMode":{"drawMode":0,"name":"Shaded","section":"Shading Mode"},"sceneLighting":true,"audioPlay":false,"sceneViewState":{"showFog":true,"showMaterialUpdate":true,"showSkybox":true,"showFlares":true,"showImageEffects":true,"showParticleSystems":true},"in2DMode":false,"pivot":{"x":0.578769326210022,"y":1.7632192373275757,"z":72.84033203125},"rotation":{"x":-0.001328219543211162,"y":-0.6776797771453857,"z":0.001227843458764255,"w":-0.7353788018226624},"size":3.3452341556549074,"orthographic":false}