{"cameraMode":{"drawMode":0,"name":"Shaded","section":"Shading Mode"},"sceneLighting":true,"audioPlay":false,"sceneViewState":{"showFog":true,"showMaterialUpdate":false,"showSkybox":true,"showFlares":true,"showImageEffects":true,"showParticleSystems":true},"in2DMode":false,"pivot":{"x":0.466758668422699,"y":8.40549373626709,"z":12.536611557006836},"rotation":{"x":0.015198144130408764,"y":0.9796042442321777,"z":-0.1831299513578415,"w":0.0812978744506836},"size":10.0,"orthographic":false}