{"cameraMode":{"drawMode":0,"name":"Shaded","section":"Shading Mode"},"sceneLighting":true,"audioPlay":false,"sceneViewState":{"showFog":true,"showMaterialUpdate":true,"showSkybox":true,"showFlares":true,"showImageEffects":true,"showParticleSystems":true},"in2DMode":false,"pivot":{"x":123.61984252929688,"y":-58.5316162109375,"z":230.376708984375},"rotation":{"x":0.13257388770580293,"y":0.4047853648662567,"z":-0.05945036560297012,"w":0.9028022885322571},"size":204.4918212890625,"orthographic":false}