{"cameraMode":{"drawMode":0,"name":"Shaded","section":"Shading Mode"},"sceneLighting":true,"audioPlay":false,"sceneViewState":{"showFog":true,"showMaterialUpdate":false,"showSkybox":true,"showFlares":true,"showImageEffects":true,"showParticleSystems":true},"in2DMode":false,"pivot":{"x":15.95313835144043,"y":-8.698265075683594,"z":65.8287124633789},"rotation":{"x":-0.11597160995006561,"y":-0.71526038646698,"z":0.12225393950939179,"w":-0.678301990032196},"size":30.374000549316408,"orthographic":false}