{"cameraMode":{"drawMode":0,"name":"Shaded","section":"Shading Mode"},"sceneLighting":true,"audioPlay":false,"sceneViewState":{"showFog":true,"showMaterialUpdate":false,"showSkybox":true,"showFlares":true,"showImageEffects":true,"showParticleSystems":true},"in2DMode":false,"pivot":{"x":2.0740251541137697,"y":-9.88821792602539,"z":46.16437530517578},"rotation":{"x":0.06048555299639702,"y":0.9329443573951721,"z":-0.18698745965957642,"w":0.3017284572124481},"size":30.374000549316408,"orthographic":false}